<?xml version="1.0" encoding="UTF-8"?>
<metadata>
	<idinfo>
		<citation>
			<citeinfo>
				<origin>U.S. Geological Survey</origin>
				<pubdate>2018</pubdate>
				<title>Comma separated value (CSV) text files of navigation and elevation data collected by the U.S. Geological Survey during field activity 2016-030-FA offshore Sandwich Beach, MA in June 2016</title>
				<edition>1.0</edition>
				<geoform>tabular digital data</geoform>
				<serinfo>
					<sername>data release</sername>
					<issue>DOI:10.5066/P9TJIM2M</issue>
				</serinfo>
				<pubinfo>
					<pubplace>Woods Hole Coastal and Marine Science Center, Woods Hole, Massachusetts</pubplace>
					<publish>U.S. Geological Survey, Coastal and Marine Geology Program</publish>
				</pubinfo>
				<onlink>https://doi.org/10.5066/P9TJIM2M</onlink>
				<onlink>https://cmgds.marine.usgs.gov/data/field-activity-data/2016-030-FA/</onlink>
				<lworkcit>
					<citeinfo>
						<origin>Danforth, W.W.</origin>
						<origin>Sherwood, C.R.</origin>
						<origin>Martini, M.A.</origin>
						<origin>Borden, J.</origin>
						<origin>Brosnahan, S.M.</origin>
						<pubdate>2018</pubdate>
						<title>Sidescan sonar, single beam bathymetry, and navigation collected offshore of Sandwich Beach in 2016, U.S. Geological Field Activity 2016-030-FA</title>
						<edition>1.0</edition>
						<serinfo>
							<sername>data release</sername>
							<issue>DOI:10.5066/P9TJIM2M</issue>
						</serinfo>
						<pubinfo>
							<pubplace>Reston, VA</pubplace>
							<publish>U.S. Geological Survey</publish>
						</pubinfo>
						<othercit>Suggested citation: Danforth, W.W. Sherwood, C.R., Martini, M.A., Borden, J., and Brosnahan, S.M., 2018, Sidescan sonar, single beam bathymetry, and navigation collected offshore of Sandwich Beach in 2016, U.S. Geological Field Activity 2016-030-FA: U.S. Geological Survey data release, https://doi.org/10.5066/P9TJIM2M.</othercit>
						<onlink>https://doi.org/10.5066/P9TJIM2M</onlink>
					</citeinfo>
				</lworkcit>
			</citeinfo>
		</citation>
		<descript>
			<abstract>The objectives of the survey were to provide bathymetric and sidescan sonar data for sediment transport studies and coastal change model development for ongoing studies of nearshore coastal dynamics along Sandwich Town Neck Beach, MA.  Data collection equipment used for this investigation are mounted on an unmanned surface vehicle (USV) uniquely adapted from a commercially sold gas-powered kayak and termed the "jetyak".  The jetyak design is the result of a collaborative effort between USGS and Woods Hole Oceanographic Institution (WHOI) scientists.
			</abstract>
			<purpose>This text file represents approximately 26 kilometers of navigation and depth data collected in 2016. These data were collected by the Woods Hole Coastal and Marine Science Center during USGS field activity 2016-030-FA using a Humminbird 898c HD SI Combo GPS/Fish Finder remote sensing instrument (www.humminbird.com) that is rigidly mounted on the hull of the jetyak.  These data can be used in conjunction with other geophysical and sample data to identify sea-floor morphology and sediment texture.
			</purpose>
			<supplinf>For more information about the WHCMSC Field Activity, see https://cmgds.marine.usgs.gov/fan_info.php?fan=2016-030-FA.</supplinf>
		</descript>
		<timeperd>
			<timeinfo>
				<rngdates>
					<begdate>20160606</begdate>
					<enddate>20160608</enddate>
				</rngdates>
			</timeinfo>
			<current>ground condition during 20160606 - 20160608</current>
		</timeperd>
		<status>
			<progress>Complete</progress>
			<update>None planned</update>
		</status>
		<spdom>
			<bounding>
				<westbc>-70.487544</westbc>
				<eastbc>-70.471004</eastbc>
				<northbc>41.774016</northbc>
				<southbc>41.761633</southbc>
			</bounding>
		</spdom>
		<keywords>
			<theme>
				<themekt>None</themekt>
				<themekey>USGS</themekey>
				<themekey>U.S. Geological Survey</themekey>
				<themekey>CMGP</themekey>
				<themekey>Coastal and Marine Geology Program</themekey>
				<themekey>WHCMSC</themekey>
				<themekey>Woods Hole Coastal and Marine Science Center</themekey>
				<themekey>Marine Geology</themekey>
				<themekey>field activity number 2016-030-FA</themekey>
				<themekey>WAAS navigation</themekey>
				<themekey>GPS navigation</themekey>
				<themekey>Humminbird 898c HD SI Combo</themekey>
				<themekey>R/V Knob</themekey>
				<themekey>Jetyak</themekey>
			</theme>
			<theme>
				<themekt>USGS thesaurus</themekt>
				<themekey>field methods</themekey>
				<themekey>field inventory and monitoring</themekey>
				<themekey>navigational data</themekey>
				<themekey>GPS measurement</themekey>
				<themekey>geospatial datasets</themekey>
				<themekey>geolocation measurement</themekey>
				<themekey>sonar methods</themekey>
				<themekey>single-beam echo sounder</themekey>
 				<themekey>datasets</themekey>
				<themekey>bathymetry measurement</themekey>
				<themekey>digital elevation models</themekey>				
				<themekey>bathymetry</themekey>
				<themekey>map coordinate systems</themekey>
			</theme>
			<theme>
				<themekt>ISO 19115 Topic Category</themekt>
				<themekey>oceans</themekey>
				<themekey>elevation</themekey>
				<themekey>geoscientificInformation</themekey>
			</theme>
			<place>
				<placekt>None</placekt>
				<placekey>North America</placekey>
				<placekey>United States</placekey>
				<placekey>Massachusetts</placekey>
				<placekey>Sandwich Beach</placekey>
				<placekey>Sandwich</placekey>
			</place>
		</keywords>
		<accconst>none</accconst>
		<useconst>Not to be used for navigation. Public domain data from the U.S. Government are freely redistributable with proper metadata and source attribution. Please recognize the U.S. Geological Survey as the originator of the dataset.</useconst>
		<ptcontac>
			<cntinfo>
				<cntperp>
					<cntper>William W. Danforth</cntper>
					<cntorg>U. S. Geological Survey</cntorg>
				</cntperp>
				<cntpos>Geologist</cntpos>
				<cntaddr>
					<addrtype>mailing and physical address</addrtype>
					<address>384 Woods Hole Road</address>
					<city>Woods Hole</city>
					<state>Massachusetts</state>
					<postal>02543</postal>
					<country>USA</country>
				</cntaddr>
				<cntvoice>508-548-8700 x2274</cntvoice>
				<cntfax>508-457-2310</cntfax>
				<cntemail>bdanforth@usgs.gov</cntemail>
			</cntinfo>
		</ptcontac>
	</idinfo>
	<dataqual>
		<logic>This text file contains navigation and depth (below the transducer) data collected by the Woods Hole Coastal and Marine Science Center during USGS field activity 2016-030-FA using a Humminbird 898c HD SI Combo GPS/Fish Finder remote sensing instrument mounted on the USGS Jetyak.</logic>
		<complete>All collected survey line navigation data.</complete>
		<posacc>
			<horizpa>
				<horizpar>Navigation were acquired using a Humminbird 898c HD SI Combo Global Positioning System (GPS), using the Wide Area Augmentation System (WAAS), which is spatially accurate within 2 meters, horizontally.</horizpar>
			</horizpa>
			<vertacc>
				<vertaccr>Humminbird 898c HD SI Combo GPS/Fish Finder also collects depth values below the instrument transducer.  Vertical accuracy of the raw data in water depths of 10 meters or less, based on industry standard system specifications for 83 and 200 kHz transmit frequencies, is 5-10 centimeters</vertaccr>
			</vertacc>
		</posacc>
		<lineage>
			<srcinfo>
				<srccite>
					<citeinfo>
						<origin>U.S. Geological Survey</origin>
						<pubdate>Unpublished Material</pubdate>
						<title>Raw navigation data in Humminbird .son/.dat format.</title>
					</citeinfo>
				</srccite>
				<typesrc>disc</typesrc>
				<srctime>
					<timeinfo>
						<rngdates>
							<begdate>20160606</begdate>
							<enddate>20160608</enddate>
						</rngdates>
					</timeinfo>
					<srccurr>ground condition during 20160606 - 20160608</srccurr>
				</srctime>
				<srccitea>Raw Navigation Data</srccitea>
				<srccontr>
				These data were collected using the USGS jetyak, a commercially sold gas-powered kayak built in upstate New York, running pre-planned lines perpendicular to the beach with a 20 meter line spacing. The jetyak has a roto-molded polyethylene hull and an air-cooled 7-horsepower four-stroke engine. It is propelled and steered by means of a water-drive. The boat will run for 8 to 10 hours on 3 gallons of gas at survey speeds of 2 to 6 knots. Modifications were made by USGS and WHOI scientists to make the jetyak autonomous. The two original manual controls (throttle and steering) are replaced by servos:  automatic devices that use error-sensing feedback to correct performance, such as those employed in remote-control airplanes and satellite-tracking antennas. The servos are run by an onboard computer developed for aerial drones. This computer, a modified Arduino, includes Ardupilot software and a special circuit board that provides interfaces for the controls, radio, and Global Positioning System receiver (GPS). The only other modification is installation of a centrifugal clutch, which allows the engine to idle without moving the jetyak.

				Onboard the Jetyak is a hull mounted Humminbird 898c HD SI Combo GPS Fish Finder that is used for GPS navigation and location in addition to collection of sidescan sonar data at 455 kHz, and depth (bathymetric) data at 83 and 200 kHz.  Files are saved in a proprietary Humminbird .SON/.DAT paired data format, contact www.humminbird.com for details.  A separate navigation GPS receiver mounted onboard the Jetyak is a Spectra Precision SP80 GNSS receiver (http://www.spectraprecision.com/eng/sp80.html#.WyQWYDNKjUI).  This receiver is mounted on top of a pole 1.025 meters in length which is attached to the hull of the jetyak.  This receiver is called the "rover", and saves information that will later be used in conjunction with base station established on the beach to calculate kinematic solutions for both the horizontal and vertical coordinates of the rover.  The sidescan sonar, navigation, and bathymetry data were processed using Chesapeake Technology 64-bit SonarWiz6 version 6.05.0025 (www.chesapeaketech.com) and ArcGIS version 10.5 (www.esri.com).
				</srccontr>
			</srcinfo>
			<procstep>
				<procdesc>
				Extract trackline navigation values using SonarWiz6 from the raw data:
				
				1.	Create a project (UTM-WGS84, Zone 19N, central meridian -69.0) and use all default import parameters for the Humminbird .DAT format in SonarWiz6 (use sensor heading, import 1024 samples per channel, use channels 1 and 2).

				2.	Once the .DAT file is imported, select the Tools menu in SonarWiz6, and select CSF, convert CSF file to CSV.  This will save all information from the sonar file to a temporary scratch comma separated value (CSV) text file.

				3.	Using Excel (or other tabular data software), extract the date, time, altitude, navigation (easting, northing of nadir line) from the scratch CSV file created in step 2 and save these values to a new temporary scratch CSV file.

				4.  The DGPS horizontal coordinates recorded by the Humminbird unit are based on the WGS84 ellipsoid (WGS84 G1762, ITRF2008).  Using vdatum ( https://vdatum.noaa.gov ), transform the horizontal UTM Zone 19 WGS84 coordinates using the temporary scratch file created in step 3 to the NAD83 HARN UTM Zone 19 reference frame, and save these coordinates to a new file containing date, time, transformed trackline coordinates (nadir easting, nadir northing), and depth (2016-030-FA_navigation.csv).

				5.  Using the UNIX utility gawk (Mac OS X ver 10.13.4, GNU gawk v4.2.1) to extract every 25th navigation entry from the CSV file created in step 4 (corresponding to every 1 sec) to a CSV file for efficient grid processing (2016-030-FA_navigation_dec25.csv).

				Command line:  gawk 'BEGIN{count=0}{if(!(count % 25))print;count++}' 2016-030-FA_navigation.csv > 2016-030-FA_navigation_dec25.csv
				</procdesc>
				<procdate>20180521</procdate>
				<proccont>
					<cntinfo>
						<cntperp>
							<cntper>William W. Danforth</cntper>
							<cntorg>U.S. Geological Survey</cntorg>
						</cntperp>
						<cntpos>Geologist</cntpos>
						<cntaddr>
							<addrtype>mailing and physical address</addrtype>
							<address>384 Woods Hole Road</address>
							<city>Woods Hole</city>
							<state>MA</state>
							<postal>02543</postal>
							<country>USA</country>
						</cntaddr>
						<cntvoice>508-548-8700 x2274</cntvoice>
						<cntfax>508-457-2310</cntfax>
						<cntemail>bdanforth@usgs.gov</cntemail>
					</cntinfo>
				</proccont>
			</procstep>
		</lineage>
	</dataqual>
	<spdoinfo>
		<direct>Point</direct>
	</spdoinfo>
	<spref>
		<horizsys>
			<planar>
				<gridsys>
					<gridsysn>Universal Transverse Mercator</gridsysn>
					<utm>
						<utmzone>19N</utmzone>
						<transmer>
							<sfctrmer>0.999600</sfctrmer>
							<longcm>-69.000000</longcm>
							<latprjo>0.000000</latprjo>
							<feast>500000.000000</feast>
							<fnorth>0.000000</fnorth>
						</transmer>
					</utm>
				</gridsys>
				<planci>
					<plance>coordinate pair</plance>
					<coordrep>
						<absres>.01</absres>
						<ordres>.01</ordres>
					</coordrep>
					<plandu>meters</plandu>
				</planci>
			</planar>
			<geodetic>
				<horizdn>D_North_American_1983_HARN</horizdn>
				<ellips>Geodetic Reference System 80</ellips>
				<semiaxis>6378137.000000</semiaxis>
				<denflat>298.257222</denflat>
			</geodetic>
		</horizsys>
		<vertdef>
			<altsys>
			  <altdatum>local mean sea level</altdatum>
				<altres>.01</altres>
				<altunits>meters</altunits>
				<altenc>Explicit elevation coordinate included with horizontal coordinates</altenc>
			</altsys>
		</vertdef>
	</spref>
	<eainfo>
		<overview>
			<eaover>The first row of the CSV file is a header row, with the remaining rows containing the data. Both the full navigation file and the decimated navigation file have the same columns of information.

			The comma separated text files contain the following columns.  

			Column 1 - Date: contains the date in the MM/DD/YYYY format 

			Column 2 - Time: contains universal coordinated time (UTC) in HH:MM:SS format 

			Column 3 - NadirX-NAD83-UTM19N: contains double precision easting in UTM Zone 19 NAD 83 meters

			Column 4 - NadirY-NAD83-UTM19N: contains double precision northing in UTM Zone 19 NAD 83 meters

			Column 5 - Depth: contains the distance of the jetyak transducer measured above the sea floor in single precision meters</eaover>
			<eadetcit>U.S. Geological Survey - William Danforth data processor.</eadetcit>
		</overview>
	</eainfo>
	<distinfo>
		<distrib>
			<cntinfo>
				<cntperp>
					<cntper>William W. Danforth</cntper>
					<cntorg>U.S. Geological Survey</cntorg>
				</cntperp>
				<cntpos>Geologist</cntpos>
				<cntaddr>
					<addrtype>mailing and physical address</addrtype>
					<address>384 Woods Hole Road</address>
					<city>Woods Hole</city>
					<state>Massachusetts</state>
					<postal>02543</postal>
					<country>USA</country>
				</cntaddr>
				<cntvoice>508-548-8700 x2274</cntvoice>
				<cntfax>508-457-2310</cntfax>
				<cntemail>bdanforth@usgs.gov</cntemail>
			</cntinfo>
		</distrib>
		<resdesc>Windows 10 zip file 2016-030-FA_navigation.zip containing point navigation data stored in two comma separated value text files (2016-030-FA_navigation.csv, 2016-030-FA_navigation_dec25.csv), as well as FGDC CSDGM metadata files (2016-030-FA_navigation.xml, 2016-030-FA_navigation.html, 2016-030-FA_navigation.txt).  No browse graphic is available.</resdesc>
		<distliab>Neither the U.S. Government, the Department of the Interior, nor the USGS, nor any of their employees, contractors, or subcontractors, make any warranty, express or implied, nor assume any legal liability or responsibility for the accuracy, completeness, or usefulness of any information, apparatus, product, or process disclosed, nor represent that its use would not infringe on privately owned rights. The act of distribution shall not constitute any such warranty, and no responsibility is assumed by the USGS in the use of these data or related materials. Any use of trade, product, or firm names is for descriptive purposes only and does not imply endorsement by the U.S. Government.</distliab>
		<stdorder>
			<digform>
				<digtinfo>
					<formname>CSV</formname>
					<formverd>2005</formverd>
					<formspec>comma separated value text format</formspec>
					<formcont>Windows 10 zip file containing the CSV formatted text file of navigation data extracted from the data logged with Humminbird 898c HD SI Combo acquisition software by the U.S. Geological Survey during field activity 2016-030-FA offshore Sandwich Beach, MA in June 2016. This also includes associated metadata.</formcont>
					<filedec>To extract the data, use Windows Explorer (Windows 7, 8, 10), WinZip, 7zip, Peazip or pkUnzip</filedec>
					<transize>1.544</transize>
				</digtinfo>
				<digtopt>
					<onlinopt>
						<computer>
							<networka>
								<networkr>https://cmgds.marine.usgs.gov/data/field-activity-data/2016-030-FA/data/navigation/2016-030-FA_navigation.zip</networkr>
								<networkr>https://cmgds.marine.usgs.gov/data/field-activity-data/2016-030-FA/</networkr>
								<networkr>https://doi.org/10.5066/P9TJIM2M</networkr>
							</networka>
						</computer>
						<accinstr>The first link downloads the data in a zip file, the second link is to the landing page of the data, and the third link is the DOI link to the landing page of the data.</accinstr>
					</onlinopt>
				</digtopt>
			</digform>
			<fees>none</fees>
		</stdorder>
		<custom>none</custom>
		<techpreq>These data are available as text distributed in a comma separated value text format (CSV). The CSV files are stored in one folder 'navigation' that has been compressed using native Windows 10 compression software. To utilize these data, the user must have software capable of uncompressing the zip file. The zip file also contains associated metadata.</techpreq>
	</distinfo>
	<metainfo>
		<metd>20180802</metd>
		<metc>
			<cntinfo>
				<cntperp>
					<cntper>William W. Danforth</cntper>
					<cntorg>U.S. Geological Survey</cntorg>
				</cntperp>
				<cntpos>Geologist</cntpos>
				<cntaddr>
					<addrtype>mailing and physical address</addrtype>
					<address>384 Woods Hole Road</address>
					<city>Woods Hole</city>
					<state>Massachusetts</state>
					<postal>02543</postal>
					<country>USA</country>
				</cntaddr>
				<cntvoice>508-548-8700 x2274</cntvoice>
				<cntfax>508-457-2310</cntfax>
				<cntemail>bdanforth@usgs.gov</cntemail>
			</cntinfo>
		</metc>
		<metstdn>FGDC Content Standards for Digital Geospatial Metadata</metstdn>
		<metstdv>FGDC-STD-001-1998</metstdv>
		<mettc>local time</mettc>
	</metainfo>
</metadata>
